{"initial_reset_timestamp": 1661366873.2444928, "timestamps": [1661366873.8647707], "episode_lengths": [92], "episode_rewards": [7.0], "episode_types": ["t"]}